USER_ID,GENDER
0oqEblDJ4SlxK4svHcsWq6aT,male
oF2snNkmvevOAuAbJcAPCNGF,male
jduE1xbxEyGsuwaFmlhcb5o6,female
TR9kfGzYo9FZsyrNIqDltx0S,other
mMzw94PS3Y01hjlvs2uyW2k0,other
87iBMhDRZurb33lRJRsC2LIE,male
oiAi7CPOmsMeBWVbKpF4bfmK,female
RQTERmn8ZmyBpD4b9gcXltzn,female
dBa3MYnPcPokEddD8VVs8pcu,female
U9tQ6hHdMh9For95YmIRtuiF,other
TsvEFPChVqSxCdDKvr9ETcIJ,female
jYIjeSdwaD5qRs5PrVT5PWlr,other
OabvpzpdaTksXFqqdTMQy95h,female
yphRu4Y8XXqYybZbHezTOXYP,male
N2ouNN0wMvOyFdCOWH9k5B1J,other
nu3D2GIlHl4VFkYbzULG3w3p,female
h60dosma1jP0Ay31d2StbqZr,female
stQtKlIwg1jbF8K06PqA8YQI,male
uAw8wH0yRHPT2MkBG8AHSdr3,other
Yr4d6P4b5h1LiOGbSKeUw4LX,female
VXUuF4ovBZyOItYeFccUnBy2,female
1AOXa0kyujVped8xR94c7tIU,other
ckPscL61kAH86P0CbN3pWGIp,female
zfwHlFUrkEXkwTsaSQVoV4f2,male
iN7snVpaBBsqHkl2SocqfrxN,female
R98lfPjiicVCfz8zcJdKM2KC,other
eGo4mdS2RhDWLvvtjiz3opdD,female
vY1hPVYdFrrvG6hnZYO2yipg,male
1HP0U3x97tegpgGue9nS0ZtK,female
NyBAymYWbKTdhBsCqqarluwm,female
TbwpxqB9IvioPlHypL0XbE4S,female
WPeNgvgTONEqjA17IsXuj7rH,other
g1xKTB8bgNa9lmvmlifR4UXl,male
2riVd6l7pGA0j1Eb1YmBEHts,other
Vdlen4ZbosdFXo5zLtpvCqSF,other
BNn15zwQioGiDmeRTwnQTZGl,male
aSi3lwpFaCcaQQnlkmkxEGnY,female
ZdHBs8DozrCaK8KN9Y7AGagR,male
rIsiHFBhwSehsB7loi6ShfNW,male
SSeSWZNhrSOlSFZVWl4UCVQX,male
6S6SxQF1nS4cq77oWtedtK49,female
4xblPPcCppI7JnVoL6x1s3YQ,other
ka7QXV1WUT0rUO4BeJIpaxZh,male
GG7dewKio3syjThkjnHuQU14,other
fNRdqL4uvlUKyaMqFZvI1EyE,other
I6OuyM0ivTbVwfDQfR4wf13T,male
SgIFr4QGujkNc2V0CjmKiZ0D,other
N3wS0cni3xQjTgorDoJJ50eI,female
ioDORt8SrdjJiAwx51xwUIeo,other
ULo3Qt8vCJCsZtOwFfbrYdnC,male
wGfm216A4ZaxWXQ3Xs05aff7,female
D4hedxGI7UioWHNVJAHYvxr6,other
wZ2SV1ipGjNn65xSb1BunR4u,male
rvlNshv8ICrap6Aabaf5dbzr,other
78SDGYDtZwxi8lU32hhEx4cm,female
SAT4aR6crAmoen9v8qJXJcOy,other
zgae8p4QcqwWjkbNIiRBE153,male
Gam9peaVMOSCXdtkc8KjCAxa,male
EkqeTBhgxDh2LzyFgLYttkOu,male
FrIdDyLkTKipFpxtxfo0DXFi,male
B7qo8oFLzWkHKZBOVlQBwHq3,male
Lg6wLO2S4eqcU6NAwsAC2ZCS,male
cSHhTBr9Df40m5xXCdY434Ej,other
UPpOaKlTkyYfCQyQpMc4mY4Y,male
GPgaWjDQTs5U6zoZeH7fAztd,other
n2iR0534JxAVvPofnMnTAvKu,male
PvKO6rIyI1oPgGQ17XtLTEO5,male
Bi3zAFdqZLhnmHOSgm6W52zp,other
nR5cCDf7cGdqg1LZJTsLqanS,male
TVwQPSRSd8gmi5c2zfr0Yxdd,female
HAD3OEtnKCXEWeOTQqh7KUQf,other
ShFw1jM7yGPqOBdHafI9dLcz,female
X4nZzlUDvOTWoN1ml954nUf5,male
u0ua5CsFnq04PzwRI0tlbSgD,male
q1t8pXLRXQpLxpfM8P5ABEpy,female
9NLRFp7FAndjnCjksuo4Qtx6,male
8jolXXXHrsJDY9oySo8Da95o,male
2vu2GSH84wRUiD5NIzGOyRYS,female
BKojX0eNhalnH0PFxpQFkAwO,other
DsjhEqYLhbyk9hQyDLEhHrzD,other
VqDgyEecMvtU4BkFYiwmwLGD,other
aYBalEoF12qV8n8yW1xPtwLy,female
BKcRiafjdOTenqGyicmRzk9i,other
iEslexuMdpY4tIShHeuJAhKz,male
lu6qbGaQW6lvuBAmm0xe4zeN,female
fZRQkGdkk1wguvrdd2lYJlfn,female
gXRxkjKEqnvF5bqElq2mwHyf,female
4IG4OLznX7kLVMri978LINxq,male
6K4eUaT8g2ZGywH3m4hz93Xh,male
66HF0joYHXB0pqWx0EpkaFpU,male
2rnEqUwY8KyOkBy41GjKBGnc,other
QIueBcgvHl4QmV3SMkvfKKs6,female
uS7Dg0asULwVzOGIo4d6PyeM,female
BrpbDf8pEye78mQcco5r4De5,other
t33vIE6VFRx5p3NZgI6lkZde,other
Y89C83m0BB4IMe57X6hRGzIP,female
Z7eqbpHmwSXC8mW3as93iwsF,other
LTMRDT93OXggItbZdeIoZj4t,male
4r01L4orDbegEtT4qz5c0IOg,other
lWaG32tOPBQAcG7MjxCOKqL5,other
d8CHAcesXHoIIBstNwVTq5cr,other
fXqcvDR3oknTskW2nLluh2ZN,female
tKUpOd6j0oxqLZuQ2RHm8ZuY,male
gyySeqdgZdd01CB8ZvBxNbcY,female
R2JWZTRH83r65VIgt3fbCprB,female
ZiNNx1iEUIiCIpsiTTO7c9qp,male
962HB9JO7O1IoPJM3ZsAnZMj,other
5ln9J8cHJbDfK1XeljR5RTPQ,other
7pO2ZjD7asm0QJ78oWtnIBYd,male
w5Vq4E0UcBIoWtqn7g7ii2FF,male
7wJBEqswz2tNHbEyVrdfuoup,female
fH28yInGM03tta0K9C1Rpp8M,other
0UKyovqJvsResvw7xJouLQ7R,male
IaAt9283ZOdZVK8YHTGNSWxJ,other
zGa6yk2qgWsNGAXkqobBuQPg,other
B7XzxbjPVysYJTE52hxX2FQL,female
it7iF8gQtzEagubrKHbwtr3q,other
ZX4ZWlxkfo42HppjKpcxPFYx,other
duccTDIHnvlzG0z2T82UY27X,male
CpHwhgLdiaq3PkzHHbYMhKzm,female
aLGmEWKyki6IyKNIy283vGtt,male
III2fS9gHN1WHJq9rbnS0B5k,female
8itUH2ZdaddBETeQJK6zYrYX,female
SNn4QyVYlA1M4hvdH7xLgz1v,other
6Q6MJC70Tg3j2K3896SMkEzP,other
RgOFCOsxjfbA3KnkNfsYWoCV,other
zrcKnlQHevCZwyL0fqrO3yIV,male
AjFbDNyOMd0SUKn3yW0jIWq8,female
